{"0": {"precision": 0.978871355977534, "recall": 0.9983633387888707, "f1-score": 0.9885212694125591, "support": 3666}, "1": {"precision": 0.9900826446280991, "recall": 0.883480825958702, "f1-score": 0.9337490257209665, "support": 678}, "accuracy": 0.9804327808471455, "macro avg": {"precision": 0.9844770003028166, "recall": 0.9409220823737864, "f1-score": 0.9611351475667629, "support": 4344}, "weighted avg": {"precision": 0.98062118417852, "recall": 0.9804327808471455, "f1-score": 0.9799725628695344, "support": 4344}}