{"0": {"precision": 0.9844660194174757, "recall": 0.9968541093197011, "f1-score": 0.9906213364595545, "support": 2543}, "1": {"precision": 0.9812646370023419, "recall": 0.9128540305010894, "f1-score": 0.9458239277652369, "support": 459}, "accuracy": 0.9840106595602931, "macro avg": {"precision": 0.9828653282099088, "recall": 0.9548540699103952, "f1-score": 0.9682226321123957, "support": 3002}, "weighted avg": {"precision": 0.9839765342314175, "recall": 0.9840106595602931, "f1-score": 0.9837718992208164, "support": 3002}}