{
    "0": {
        "precision": 0.9858047016274865,
        "recall": 0.9911818181818182,
        "f1-score": 0.9884859474161378,
        "support": 11000
    },
    "1": {
        "precision": 0.9486228813559322,
        "recall": 0.9194045174537988,
        "f1-score": 0.9337851929092805,
        "support": 1948
    },
    "accuracy": 0.9803830707445166,
    "macro avg": {
        "precision": 0.9672137914917094,
        "recall": 0.9552931678178085,
        "f1-score": 0.9611355701627091,
        "support": 12948
    },
    "weighted avg": {
        "precision": 0.9802107731528968,
        "recall": 0.9803830707445166,
        "f1-score": 0.980256331276243,
        "support": 12948
    }
}